zip_name,internal_path,run_id,extension,matched_patterns
Training Data 1.zip,Run_166/VisualCamera3_Run_166.mp4,0166,.mp4,video_file
Training Data 1.zip,Run_166/Radars_Run_166_traffic-triggers-output.json,0166,.json,traffic_trigger_json
Training Data 1.zip,Run_166/Radars_Run_166_sensor1.json,0166,.json,radar_sensor_json
Training Data 1.zip,Run_166/VisualCamera1_Run_166.mp4,0166,.mp4,video_file
Training Data 1.zip,Run_166/ThermalCamera5_Run_166.mp4,0166,.mp4,video_file
Training Data 1.zip,Run_166/ThermalCamera3_Run_166.mp4,0166,.mp4,video_file
Training Data 1.zip,Run_166/VisualCamera8_Run_166.mp4,0166,.mp4,video_file
Training Data 1.zip,Run_166/VisualCamera7_Run_166.mp4,0166,.mp4,video_file
Training Data 1.zip,Run_166/Radars_Run_166_sensor4.json,0166,.json,radar_sensor_json
Training Data 1.zip,Run_166/Lidar1_Run_166.pcap,0166,.pcap,pcap_file
Training Data 1.zip,Run_166/ThermalCamera1_Run_166.mp4,0166,.mp4,video_file
Training Data 1.zip,Run_166/Lidar2_Run_166.pcap,0166,.pcap,pcap_file
Training Data 1.zip,Run_166/VisualCamera5_Run_166.mp4,0166,.mp4,video_file
Training Data 1.zip,Run_166/ThermalCamera2_Run_166_frame-timing.csv,0166,.csv,thermal_camera_timing
Training Data 1.zip,Run_166/V2XHubSPaT_Run_166.pcap,0166,.pcap,pcap_file
Training Data 1.zip,Run_166/VisualCamera7_Run_166_frame-timing.csv,0166,.csv,visual_camera_timing
Training Data 1.zip,Run_166/VisualCamera6_Run_166_frame-timing.csv,0166,.csv,visual_camera_timing
Training Data 1.zip,Run_166/VisualCamera6_Run_166.mp4,0166,.mp4,video_file
Training Data 1.zip,Run_166/Radars_Run_166_sensor2.json,0166,.json,radar_sensor_json
Training Data 1.zip,Run_166/ThermalCamera3_Run_166_frame-timing.csv,0166,.csv,thermal_camera_timing
Training Data 1.zip,Run_166/VisualCamera4_Run_166_frame-timing.csv,0166,.csv,visual_camera_timing
Training Data 1.zip,Run_166/ThermalCamera1_Run_166_frame-timing.csv,0166,.csv,thermal_camera_timing
Training Data 1.zip,Run_166/ThermalCamera2_Run_166.mp4,0166,.mp4,video_file
Training Data 1.zip,Run_166/VisualCamera5_Run_166_frame-timing.csv,0166,.csv,visual_camera_timing
Training Data 1.zip,Run_166/VisualCamera4_Run_166.mp4,0166,.mp4,video_file
Training Data 1.zip,Run_166/ThermalCamera5_Run_166_frame-timing.csv,0166,.csv,thermal_camera_timing
Training Data 1.zip,Run_166/ThermalCamera4_Run_166_frame-timing.csv,0166,.csv,thermal_camera_timing
Training Data 1.zip,Run_166/VisualCamera1_Run_166_frame-timing.csv,0166,.csv,visual_camera_timing
Training Data 1.zip,Run_166/VisualCamera3_Run_166_frame-timing.csv,0166,.csv,visual_camera_timing
Training Data 1.zip,Run_166/ISC_Run_166_v2xhub_timing.csv,0166,.csv,v2xhub_timing_csv
Training Data 1.zip,Run_166/VisualCamera2_Run_166_frame-timing.csv,0166,.csv,visual_camera_timing
Training Data 1.zip,Run_166/V2XHubSensor_Run_166.csv,0166,.csv,v2xhub_csv
Training Data 1.zip,Run_166/VisualCamera8_Run_166_frame-timing.csv,0166,.csv,visual_camera_timing
Training Data 1.zip,Run_166/VisualCamera2_Run_166.mp4,0166,.mp4,video_file
Training Data 1.zip,Run_166/ThermalCamera4_Run_166.mp4,0166,.mp4,video_file
Training Data 1.zip,Run_166/ISC_Run_166_ISC_all_timing.csv,0166,.csv,isc_timing_csv
Training Data 1.zip,Run_166/Radars_Run_166_sensor3.json,0166,.json,radar_sensor_json
Training Data 1.zip,Run_844/ThermalCamera2_Run_844.mp4,0844,.mp4,video_file
Training Data 1.zip,Run_844/Radars_Run_844_sensor2.json,0844,.json,radar_sensor_json
Training Data 1.zip,Run_844/VisualCamera2_Run_844.mp4,0844,.mp4,video_file
Training Data 1.zip,Run_844/Radars_Run_844_traffic-triggers-output.json,0844,.json,traffic_trigger_json
Training Data 1.zip,Run_844/V2XHubSPaT_Run_844.pcap,0844,.pcap,pcap_file
Training Data 1.zip,Run_844/VisualCamera6_Run_844.mp4,0844,.mp4,video_file
Training Data 1.zip,Run_844/ISC_Run_844_ISC_all_timing.csv,0844,.csv,isc_timing_csv
Training Data 1.zip,Run_844/VisualCamera4_Run_844.mp4,0844,.mp4,video_file
Training Data 1.zip,Run_844/Radars_Run_844_sensor3.json,0844,.json,radar_sensor_json
Training Data 1.zip,Run_844/ThermalCamera4_Run_844.mp4,0844,.mp4,video_file
Training Data 1.zip,Run_844/ThermalCamera4_Run_844_frame-timing.csv,0844,.csv,thermal_camera_timing
Training Data 1.zip,Run_844/ThermalCamera5_Run_844_frame-timing.csv,0844,.csv,thermal_camera_timing
Training Data 1.zip,Run_844/VisualCamera7_Run_844.mp4,0844,.mp4,video_file
Training Data 1.zip,Run_844/VisualCamera8_Run_844.mp4,0844,.mp4,video_file
Training Data 1.zip,Run_844/ISC_Run_844_v2xhub_timing.csv,0844,.csv,v2xhub_timing_csv
Training Data 1.zip,Run_844/ThermalCamera5_Run_844.mp4,0844,.mp4,video_file
Training Data 1.zip,Run_844/ThermalCamera3_Run_844_frame-timing.csv,0844,.csv,thermal_camera_timing
Training Data 1.zip,Run_844/ThermalCamera2_Run_844_frame-timing.csv,0844,.csv,thermal_camera_timing
Training Data 1.zip,Run_844/VisualCamera8_Run_844_frame-timing.csv,0844,.csv,visual_camera_timing
Training Data 1.zip,Run_844/Radars_Run_844_sensor1.json,0844,.json,radar_sensor_json
Training Data 1.zip,Run_844/ThermalCamera1_Run_844_frame-timing.csv,0844,.csv,thermal_camera_timing
Training Data 1.zip,Run_844/VisualCamera5_Run_844.mp4,0844,.mp4,video_file
Training Data 1.zip,Run_844/Radars_Run_844_sensor4.json,0844,.json,radar_sensor_json
Training Data 1.zip,Run_844/VisualCamera1_Run_844_frame-timing.csv,0844,.csv,visual_camera_timing
Training Data 1.zip,Run_844/VisualCamera3_Run_844.mp4,0844,.mp4,video_file
Training Data 1.zip,Run_844/Lidar1_Run_844.pcap,0844,.pcap,pcap_file
Training Data 1.zip,Run_844/VisualCamera2_Run_844_frame-timing.csv,0844,.csv,visual_camera_timing
Training Data 1.zip,Run_844/ThermalCamera3_Run_844.mp4,0844,.mp4,video_file
Training Data 1.zip,Run_844/VisualCamera3_Run_844_frame-timing.csv,0844,.csv,visual_camera_timing
Training Data 1.zip,Run_844/Lidar2_Run_844.pcap,0844,.pcap,pcap_file
Training Data 1.zip,Run_844/V2XHubSensor_Run_844.csv,0844,.csv,v2xhub_csv
Training Data 1.zip,Run_844/VisualCamera6_Run_844_frame-timing.csv,0844,.csv,visual_camera_timing
Training Data 1.zip,Run_844/VisualCamera7_Run_844_frame-timing.csv,0844,.csv,visual_camera_timing
Training Data 1.zip,Run_844/VisualCamera1_Run_844.mp4,0844,.mp4,video_file
Training Data 1.zip,Run_844/ThermalCamera1_Run_844.mp4,0844,.mp4,video_file
Training Data 1.zip,Run_844/VisualCamera5_Run_844_frame-timing.csv,0844,.csv,visual_camera_timing
Training Data 1.zip,Run_844/VisualCamera4_Run_844_frame-timing.csv,0844,.csv,visual_camera_timing
Training Data 1.zip,Run_3/ThermalCamera3_Run_3.mp4,0003,.mp4,video_file
Training Data 1.zip,Run_3/ThermalCamera2_Run_3.mp4,0003,.mp4,video_file
Training Data 1.zip,Run_3/VisualCamera6_Run_3_frame-timing.csv,0003,.csv,visual_camera_timing
Training Data 1.zip,Run_3/Lidar1_Run_3.pcap,0003,.pcap,pcap_file
Training Data 1.zip,Run_3/ThermalCamera1_Run_3.mp4,0003,.mp4,video_file
Training Data 1.zip,Run_3/VisualCamera7_Run_3_frame-timing.csv,0003,.csv,visual_camera_timing
Training Data 1.zip,Run_3/ThermalCamera1_Run_3_frame-timing.csv,0003,.csv,thermal_camera_timing
Training Data 1.zip,Run_3/VisualCamera8_Run_3.mp4,0003,.mp4,video_file
Training Data 1.zip,Run_3/ThermalCamera5_Run_3.mp4,0003,.mp4,video_file
Training Data 1.zip,Run_3/ThermalCamera4_Run_3.mp4,0003,.mp4,video_file
Training Data 1.zip,Run_3/VisualCamera7_Run_3.mp4,0003,.mp4,video_file
Training Data 1.zip,Run_3/VisualCamera6_Run_3.mp4,0003,.mp4,video_file
Training Data 1.zip,Run_3/VisualCamera5_Run_3.mp4,0003,.mp4,video_file
Training Data 1.zip,Run_3/VisualCamera4_Run_3.mp4,0003,.mp4,video_file
Training Data 1.zip,Run_3/ThermalCamera3_Run_3_frame-timing.csv,0003,.csv,thermal_camera_timing
Training Data 1.zip,Run_3/VisualCamera5_Run_3_frame-timing.csv,0003,.csv,visual_camera_timing
Training Data 1.zip,Run_3/VisualCamera4_Run_3_frame-timing.csv,0003,.csv,visual_camera_timing
Training Data 1.zip,Run_3/ThermalCamera2_Run_3_frame-timing.csv,0003,.csv,thermal_camera_timing
Training Data 1.zip,Run_3/VisualCamera3_Run_3.mp4,0003,.mp4,video_file
Training Data 1.zip,Run_3/VisualCamera2_Run_3.mp4,0003,.mp4,video_file
Training Data 1.zip,Run_3/VisualCamera1_Run_3.mp4,0003,.mp4,video_file
Training Data 1.zip,Run_3/ISC_Run_3_ISC_all_timing.csv,0003,.csv,isc_timing_csv
Training Data 1.zip,Run_3/VisualCamera1_Run_3_frame-timing.csv,0003,.csv,visual_camera_timing
Training Data 1.zip,Run_3/Lidar2_Run_3.pcap,0003,.pcap,pcap_file
Training Data 1.zip,Run_3/ThermalCamera5_Run_3_frame-timing.csv,0003,.csv,thermal_camera_timing
Training Data 1.zip,Run_3/VisualCamera3_Run_3_frame-timing.csv,0003,.csv,visual_camera_timing
Training Data 1.zip,Run_3/VisualCamera8_Run_3_frame-timing.csv,0003,.csv,visual_camera_timing
Training Data 1.zip,Run_3/VisualCamera2_Run_3_frame-timing.csv,0003,.csv,visual_camera_timing
Training Data 1.zip,Run_3/ThermalCamera4_Run_3_frame-timing.csv,0003,.csv,thermal_camera_timing
Training Data 1.zip,Run_327/ThermalCamera5_Run_327.mp4,0327,.mp4,video_file
Training Data 1.zip,Run_327/ThermalCamera1_Run_327_frame-timing.csv,0327,.csv,thermal_camera_timing
Training Data 1.zip,Run_327/Radars_Run_327_sensor2.json,0327,.json,radar_sensor_json
Training Data 1.zip,Run_327/ThermalCamera3_Run_327_frame-timing.csv,0327,.csv,thermal_camera_timing
Training Data 1.zip,Run_327/V2XHubSPaT_Run_327.pcap,0327,.pcap,pcap_file
Training Data 1.zip,Run_327/VisualCamera6_Run_327.mp4,0327,.mp4,video_file
Training Data 1.zip,Run_327/ThermalCamera2_Run_327_frame-timing.csv,0327,.csv,thermal_camera_timing
Training Data 1.zip,Run_327/VisualCamera4_Run_327.mp4,0327,.mp4,video_file
Training Data 1.zip,Run_327/ThermalCamera4_Run_327_frame-timing.csv,0327,.csv,thermal_camera_timing
Training Data 1.zip,Run_327/ThermalCamera5_Run_327_frame-timing.csv,0327,.csv,thermal_camera_timing
Training Data 1.zip,Run_327/ISC_Run_327_ISC_all_timing.csv,0327,.csv,isc_timing_csv
Training Data 1.zip,Run_327/VisualCamera2_Run_327.mp4,0327,.mp4,video_file
Training Data 1.zip,Run_327/ThermalCamera1_Run_327.mp4,0327,.mp4,video_file
Training Data 1.zip,Run_327/V2XHubSensor_Run_327.csv,0327,.csv,v2xhub_csv
Training Data 1.zip,Run_327/Radars_Run_327_sensor3.json,0327,.json,radar_sensor_json
Training Data 1.zip,Run_327/ThermalCamera3_Run_327.mp4,0327,.mp4,video_file
Training Data 1.zip,Run_327/Radars_Run_327_traffic-triggers-output.json,0327,.json,traffic_trigger_json
Training Data 1.zip,Run_327/VisualCamera4_Run_327_frame-timing.csv,0327,.csv,visual_camera_timing
Training Data 1.zip,Run_327/VisualCamera5_Run_327_frame-timing.csv,0327,.csv,visual_camera_timing
Training Data 1.zip,Run_327/VisualCamera7_Run_327_frame-timing.csv,0327,.csv,visual_camera_timing
Training Data 1.zip,Run_327/VisualCamera3_Run_327.mp4,0327,.mp4,video_file
Training Data 1.zip,Run_327/VisualCamera6_Run_327_frame-timing.csv,0327,.csv,visual_camera_timing
Training Data 1.zip,Run_327/VisualCamera3_Run_327_frame-timing.csv,0327,.csv,visual_camera_timing
Training Data 1.zip,Run_327/VisualCamera2_Run_327_frame-timing.csv,0327,.csv,visual_camera_timing
Training Data 1.zip,Run_327/Radars_Run_327_sensor1.json,0327,.json,radar_sensor_json
Training Data 1.zip,Run_327/ThermalCamera2_Run_327.mp4,0327,.mp4,video_file
Training Data 1.zip,Run_327/VisualCamera1_Run_327_frame-timing.csv,0327,.csv,visual_camera_timing
Training Data 1.zip,Run_327/VisualCamera1_Run_327.mp4,0327,.mp4,video_file
Training Data 1.zip,Run_327/VisualCamera8_Run_327.mp4,0327,.mp4,video_file
Training Data 1.zip,Run_327/VisualCamera7_Run_327.mp4,0327,.mp4,video_file
Training Data 1.zip,Run_327/ThermalCamera4_Run_327.mp4,0327,.mp4,video_file
Training Data 1.zip,Run_327/VisualCamera8_Run_327_frame-timing.csv,0327,.csv,visual_camera_timing
Training Data 1.zip,Run_327/Radars_Run_327_sensor4.json,0327,.json,radar_sensor_json
Training Data 1.zip,Run_327/Lidar2_Run_327.pcap,0327,.pcap,pcap_file
Training Data 1.zip,Run_327/ISC_Run_327_v2xhub_timing.csv,0327,.csv,v2xhub_timing_csv
Training Data 1.zip,Run_327/VisualCamera5_Run_327.mp4,0327,.mp4,video_file
Training Data 1.zip,Run_327/Lidar1_Run_327.pcap,0327,.pcap,pcap_file
Training Data 1.zip,Run_717/Radars_Run_717_sensor3.json,0717,.json,radar_sensor_json
Training Data 1.zip,Run_717/ThermalCamera4_Run_717_frame-timing.csv,0717,.csv,thermal_camera_timing
Training Data 1.zip,Run_717/ThermalCamera5_Run_717_frame-timing.csv,0717,.csv,thermal_camera_timing
Training Data 1.zip,Run_717/ThermalCamera3_Run_717.mp4,0717,.mp4,video_file
Training Data 1.zip,Run_717/ThermalCamera1_Run_717_frame-timing.csv,0717,.csv,thermal_camera_timing
Training Data 1.zip,Run_717/ThermalCamera3_Run_717_frame-timing.csv,0717,.csv,thermal_camera_timing
Training Data 1.zip,Run_717/VisualCamera2_Run_717.mp4,0717,.mp4,video_file
Training Data 1.zip,Run_717/ThermalCamera1_Run_717.mp4,0717,.mp4,video_file
Training Data 1.zip,Run_717/ThermalCamera2_Run_717_frame-timing.csv,0717,.csv,thermal_camera_timing
Training Data 1.zip,Run_717/ISC_Run_717_v2xhub_timing.csv,0717,.csv,v2xhub_timing_csv
Training Data 1.zip,Run_717/VisualCamera4_Run_717.mp4,0717,.mp4,video_file
Training Data 1.zip,Run_717/VisualCamera6_Run_717.mp4,0717,.mp4,video_file
Training Data 1.zip,Run_717/ThermalCamera5_Run_717.mp4,0717,.mp4,video_file
Training Data 1.zip,Run_717/Radars_Run_717_sensor2.json,0717,.json,radar_sensor_json
Training Data 1.zip,Run_717/VisualCamera5_Run_717.mp4,0717,.mp4,video_file
Training Data 1.zip,Run_717/ThermalCamera4_Run_717.mp4,0717,.mp4,video_file
Training Data 1.zip,Run_717/Radars_Run_717_sensor4.json,0717,.json,radar_sensor_json
Training Data 1.zip,Run_717/V2XHubSensor_Run_717.csv,0717,.csv,v2xhub_csv
Training Data 1.zip,Run_717/VisualCamera8_Run_717_frame-timing.csv,0717,.csv,visual_camera_timing
Training Data 1.zip,Run_717/VisualCamera8_Run_717.mp4,0717,.mp4,video_file
Training Data 1.zip,Run_717/VisualCamera7_Run_717.mp4,0717,.mp4,video_file
Training Data 1.zip,Run_717/Radars_Run_717_traffic-triggers-output.json,0717,.json,traffic_trigger_json
Training Data 1.zip,Run_717/ThermalCamera2_Run_717.mp4,0717,.mp4,video_file
Training Data 1.zip,Run_717/Lidar1_Run_717.pcap,0717,.pcap,pcap_file
Training Data 1.zip,Run_717/VisualCamera2_Run_717_frame-timing.csv,0717,.csv,visual_camera_timing
Training Data 1.zip,Run_717/VisualCamera1_Run_717.mp4,0717,.mp4,video_file
Training Data 1.zip,Run_717/Radars_Run_717_sensor1.json,0717,.json,radar_sensor_json
Training Data 1.zip,Run_717/VisualCamera3_Run_717_frame-timing.csv,0717,.csv,visual_camera_timing
Training Data 1.zip,Run_717/ISC_Run_717_ISC_all_timing.csv,0717,.csv,isc_timing_csv
Training Data 1.zip,Run_717/Lidar2_Run_717.pcap,0717,.pcap,pcap_file
Training Data 1.zip,Run_717/VisualCamera1_Run_717_frame-timing.csv,0717,.csv,visual_camera_timing
Training Data 1.zip,Run_717/VisualCamera5_Run_717_frame-timing.csv,0717,.csv,visual_camera_timing
Training Data 1.zip,Run_717/VisualCamera4_Run_717_frame-timing.csv,0717,.csv,visual_camera_timing
Training Data 1.zip,Run_717/VisualCamera3_Run_717.mp4,0717,.mp4,video_file
Training Data 1.zip,Run_717/VisualCamera6_Run_717_frame-timing.csv,0717,.csv,visual_camera_timing
Training Data 1.zip,Run_717/V2XHubSPaT_Run_717.pcap,0717,.pcap,pcap_file
Training Data 1.zip,Run_717/VisualCamera7_Run_717_frame-timing.csv,0717,.csv,visual_camera_timing
Training Data 1.zip,Run_689/VisualCamera6_Run_689_frame-timing.csv,0689,.csv,visual_camera_timing
Training Data 1.zip,Run_689/VisualCamera7_Run_689_frame-timing.csv,0689,.csv,visual_camera_timing
Training Data 1.zip,Run_689/VisualCamera5_Run_689_frame-timing.csv,0689,.csv,visual_camera_timing
Training Data 1.zip,Run_689/VisualCamera4_Run_689.mp4,0689,.mp4,video_file
Training Data 1.zip,Run_689/VisualCamera4_Run_689_frame-timing.csv,0689,.csv,visual_camera_timing
Training Data 1.zip,Run_689/VisualCamera1_Run_689_frame-timing.csv,0689,.csv,visual_camera_timing
Training Data 1.zip,Run_689/ISC_Run_689_ISC_all_timing.csv,0689,.csv,isc_timing_csv
Training Data 1.zip,Run_689/ThermalCamera5_Run_689.mp4,0689,.mp4,video_file
Training Data 1.zip,Run_689/VisualCamera6_Run_689.mp4,0689,.mp4,video_file
Training Data 1.zip,Run_689/VisualCamera2_Run_689_frame-timing.csv,0689,.csv,visual_camera_timing
Training Data 1.zip,Run_689/VisualCamera3_Run_689_frame-timing.csv,0689,.csv,visual_camera_timing
Training Data 1.zip,Run_689/Lidar1_Run_689.pcap,0689,.pcap,pcap_file
Training Data 1.zip,Run_689/ThermalCamera5_Run_689_frame-timing.csv,0689,.csv,thermal_camera_timing
Training Data 1.zip,Run_689/ThermalCamera4_Run_689_frame-timing.csv,0689,.csv,thermal_camera_timing
Training Data 1.zip,Run_689/ThermalCamera3_Run_689.mp4,0689,.mp4,video_file
Training Data 1.zip,Run_689/VisualCamera8_Run_689_frame-timing.csv,0689,.csv,visual_camera_timing
Training Data 1.zip,Run_689/Lidar2_Run_689.pcap,0689,.pcap,pcap_file
Training Data 1.zip,Run_689/ThermalCamera2_Run_689_frame-timing.csv,0689,.csv,thermal_camera_timing
Training Data 1.zip,Run_689/ThermalCamera1_Run_689.mp4,0689,.mp4,video_file
Training Data 1.zip,Run_689/VisualCamera2_Run_689.mp4,0689,.mp4,video_file
Training Data 1.zip,Run_689/ThermalCamera3_Run_689_frame-timing.csv,0689,.csv,thermal_camera_timing
Training Data 1.zip,Run_689/ThermalCamera1_Run_689_frame-timing.csv,0689,.csv,thermal_camera_timing
Training Data 1.zip,Run_689/VisualCamera1_Run_689.mp4,0689,.mp4,video_file
Training Data 2.zip,Run_1306/VisualCamera1_Run_1306.mp4,1306,.mp4,video_file
Training Data 2.zip,Run_1306/VisualCamera2_Run_1306.mp4,1306,.mp4,video_file
Training Data 2.zip,Run_1306/VisualCamera3_Run_1306.mp4,1306,.mp4,video_file
Training Data 2.zip,Run_1306/Lidar2_Run_1306.pcap,1306,.pcap,pcap_file
Training Data 2.zip,Run_1306/VisualCamera6_Run_1306.mp4,1306,.mp4,video_file
Training Data 2.zip,Run_1306/V2XHubSensor_Run_1306.csv,1306,.csv,v2xhub_csv
Training Data 2.zip,Run_1306/VisualCamera7_Run_1306.mp4,1306,.mp4,video_file
Training Data 2.zip,Run_1306/VisualCamera5_Run_1306.mp4,1306,.mp4,video_file
Training Data 2.zip,Run_1306/VisualCamera4_Run_1306.mp4,1306,.mp4,video_file
Training Data 2.zip,Run_1306/VisualCamera8_Run_1306_frame-timing.csv,1306,.csv,visual_camera_timing
Training Data 2.zip,Run_1306/VisualCamera2_Run_1306_frame-timing.csv,1306,.csv,visual_camera_timing
Training Data 2.zip,Run_1306/ThermalCamera3_Run_1306_frame-timing.csv,1306,.csv,thermal_camera_timing
Training Data 2.zip,Run_1306/VisualCamera1_Run_1306_frame-timing.csv,1306,.csv,visual_camera_timing
Training Data 2.zip,Run_1306/VisualCamera8_Run_1306.mp4,1306,.mp4,video_file
Training Data 2.zip,Run_1306/ThermalCamera5_Run_1306_frame-timing.csv,1306,.csv,thermal_camera_timing
Training Data 2.zip,Run_1306/VisualCamera4_Run_1306_frame-timing.csv,1306,.csv,visual_camera_timing
Training Data 2.zip,Run_1306/VisualCamera7_Run_1306_frame-timing.csv,1306,.csv,visual_camera_timing
Training Data 2.zip,Run_1306/ThermalCamera5_Run_1306.mp4,1306,.mp4,video_file
Training Data 2.zip,Run_1306/ISC_Run_1306_ISC_all_timing.csv,1306,.csv,isc_timing_csv
Training Data 2.zip,Run_1306/ThermalCamera4_Run_1306.mp4,1306,.mp4,video_file
Training Data 2.zip,Run_1306/Lidar1_Run_1306.pcap,1306,.pcap,pcap_file
Training Data 2.zip,Run_1306/ISC_Run_1306_v2xhub_timing.csv,1306,.csv,v2xhub_timing_csv
Training Data 2.zip,Run_1306/ThermalCamera2_Run_1306.mp4,1306,.mp4,video_file
Training Data 2.zip,Run_1306/ThermalCamera3_Run_1306.mp4,1306,.mp4,video_file
Training Data 2.zip,Run_1306/ThermalCamera1_Run_1306.mp4,1306,.mp4,video_file
Training Data 2.zip,Run_1306/VisualCamera3_Run_1306_frame-timing.csv,1306,.csv,visual_camera_timing
Training Data 2.zip,Run_1306/V2XHubSPaT_Run_1306.pcap,1306,.pcap,pcap_file
Training Data 2.zip,Run_1306/ThermalCamera2_Run_1306_frame-timing.csv,1306,.csv,thermal_camera_timing
Training Data 2.zip,Run_1306/ThermalCamera1_Run_1306_frame-timing.csv,1306,.csv,thermal_camera_timing
Training Data 2.zip,Run_1306/ThermalCamera4_Run_1306_frame-timing.csv,1306,.csv,thermal_camera_timing
Training Data 2.zip,Run_1306/VisualCamera5_Run_1306_frame-timing.csv,1306,.csv,visual_camera_timing
Training Data 2.zip,Run_1306/VisualCamera6_Run_1306_frame-timing.csv,1306,.csv,visual_camera_timing
Training Data 2.zip,Run_353/ThermalCamera2_Run_353.mp4,0353,.mp4,video_file
Training Data 2.zip,Run_353/ISC_Run_353_ISC_all_timing.csv,0353,.csv,isc_timing_csv
Training Data 2.zip,Run_353/VisualCamera3_Run_353.mp4,0353,.mp4,video_file
Training Data 2.zip,Run_353/VisualCamera1_Run_353.mp4,0353,.mp4,video_file
Training Data 2.zip,Run_353/VisualCamera8_Run_353_frame-timing.csv,0353,.csv,visual_camera_timing
Training Data 2.zip,Run_353/VisualCamera2_Run_353_frame-timing.csv,0353,.csv,visual_camera_timing
Training Data 2.zip,Run_353/VisualCamera3_Run_353_frame-timing.csv,0353,.csv,visual_camera_timing
Training Data 2.zip,Run_353/VisualCamera8_Run_353.mp4,0353,.mp4,video_file
Training Data 2.zip,Run_353/VisualCamera7_Run_353.mp4,0353,.mp4,video_file
Training Data 2.zip,Run_353/VisualCamera1_Run_353_frame-timing.csv,0353,.csv,visual_camera_timing
Training Data 2.zip,Run_353/VisualCamera5_Run_353_frame-timing.csv,0353,.csv,visual_camera_timing
Training Data 2.zip,Run_353/VisualCamera5_Run_353.mp4,0353,.mp4,video_file
Training Data 2.zip,Run_353/VisualCamera4_Run_353_frame-timing.csv,0353,.csv,visual_camera_timing
Training Data 2.zip,Run_353/ThermalCamera4_Run_353.mp4,0353,.mp4,video_file
Training Data 2.zip,Run_353/VisualCamera6_Run_353_frame-timing.csv,0353,.csv,visual_camera_timing
Training Data 2.zip,Run_353/VisualCamera7_Run_353_frame-timing.csv,0353,.csv,visual_camera_timing
Training Data 2.zip,Run_353/Lidar2_Run_353.pcap,0353,.pcap,pcap_file
Training Data 2.zip,Run_353/VisualCamera6_Run_353.mp4,0353,.mp4,video_file
Training Data 2.zip,Run_353/Lidar1_Run_353.pcap,0353,.pcap,pcap_file
Training Data 2.zip,Run_353/ThermalCamera5_Run_353.mp4,0353,.mp4,video_file
Training Data 2.zip,Run_353/VisualCamera4_Run_353.mp4,0353,.mp4,video_file
Training Data 2.zip,Run_353/VisualCamera2_Run_353.mp4,0353,.mp4,video_file
Training Data 2.zip,Run_353/ThermalCamera2_Run_353_frame-timing.csv,0353,.csv,thermal_camera_timing
Training Data 2.zip,Run_353/ThermalCamera3_Run_353_frame-timing.csv,0353,.csv,thermal_camera_timing
Training Data 2.zip,Run_353/ThermalCamera3_Run_353.mp4,0353,.mp4,video_file
Training Data 2.zip,Run_353/ThermalCamera1_Run_353_frame-timing.csv,0353,.csv,thermal_camera_timing
Training Data 2.zip,Run_353/ThermalCamera5_Run_353_frame-timing.csv,0353,.csv,thermal_camera_timing
Training Data 2.zip,Run_353/ThermalCamera4_Run_353_frame-timing.csv,0353,.csv,thermal_camera_timing
Training Data 2.zip,Run_353/ThermalCamera1_Run_353.mp4,0353,.mp4,video_file
Training Data 2.zip,Run_324/VisualCamera2_Run_324.mp4,0324,.mp4,video_file
Training Data 2.zip,Run_324/Lidar2_Run_324.pcap,0324,.pcap,pcap_file
Training Data 2.zip,Run_324/ThermalCamera5_Run_324.mp4,0324,.mp4,video_file
Training Data 2.zip,Run_324/Lidar1_Run_324.pcap,0324,.pcap,pcap_file
Training Data 2.zip,Run_324/Radars_Run_324_sensor2.json,0324,.json,radar_sensor_json
Training Data 2.zip,Run_324/V2XHubSPaT_Run_324.pcap,0324,.pcap,pcap_file
Training Data 2.zip,Run_324/Radars_Run_324_sensor3.json,0324,.json,radar_sensor_json
Training Data 2.zip,Run_324/VisualCamera6_Run_324.mp4,0324,.mp4,video_file
Training Data 2.zip,Run_324/ThermalCamera1_Run_324.mp4,0324,.mp4,video_file
Training Data 2.zip,Run_324/Radars_Run_324_traffic-triggers-output.json,0324,.json,traffic_trigger_json
Training Data 2.zip,Run_324/ThermalCamera3_Run_324.mp4,0324,.mp4,video_file
Training Data 2.zip,Run_324/VisualCamera4_Run_324.mp4,0324,.mp4,video_file
Training Data 2.zip,Run_324/ISC_Run_324_ISC_all_timing.csv,0324,.csv,isc_timing_csv
Training Data 2.zip,Run_324/Radars_Run_324_sensor1.json,0324,.json,radar_sensor_json
Training Data 2.zip,Run_324/V2XHubSensor_Run_324.csv,0324,.csv,v2xhub_csv
Training Data 2.zip,Run_324/VisualCamera8_Run_324.mp4,0324,.mp4,video_file
Training Data 2.zip,Run_324/VisualCamera7_Run_324.mp4,0324,.mp4,video_file
Training Data 2.zip,Run_324/ThermalCamera5_Run_324_frame-timing.csv,0324,.csv,thermal_camera_timing
Training Data 2.zip,Run_324/ThermalCamera4_Run_324_frame-timing.csv,0324,.csv,thermal_camera_timing
Training Data 2.zip,Run_324/ThermalCamera1_Run_324_frame-timing.csv,0324,.csv,thermal_camera_timing
Training Data 2.zip,Run_324/VisualCamera5_Run_324.mp4,0324,.mp4,video_file
Training Data 2.zip,Run_324/ThermalCamera2_Run_324.mp4,0324,.mp4,video_file
Training Data 2.zip,Run_324/ThermalCamera2_Run_324_frame-timing.csv,0324,.csv,thermal_camera_timing
Training Data 2.zip,Run_324/ISC_Run_324_v2xhub_timing.csv,0324,.csv,v2xhub_timing_csv
Training Data 2.zip,Run_324/VisualCamera8_Run_324_frame-timing.csv,0324,.csv,visual_camera_timing
Training Data 2.zip,Run_324/ThermalCamera3_Run_324_frame-timing.csv,0324,.csv,thermal_camera_timing
Training Data 2.zip,Run_324/VisualCamera3_Run_324_frame-timing.csv,0324,.csv,visual_camera_timing
Training Data 2.zip,Run_324/VisualCamera2_Run_324_frame-timing.csv,0324,.csv,visual_camera_timing
Training Data 2.zip,Run_324/ThermalCamera4_Run_324.mp4,0324,.mp4,video_file
Training Data 2.zip,Run_324/VisualCamera1_Run_324_frame-timing.csv,0324,.csv,visual_camera_timing
Training Data 2.zip,Run_324/VisualCamera3_Run_324.mp4,0324,.mp4,video_file
Training Data 2.zip,Run_324/VisualCamera4_Run_324_frame-timing.csv,0324,.csv,visual_camera_timing
Training Data 2.zip,Run_324/VisualCamera5_Run_324_frame-timing.csv,0324,.csv,visual_camera_timing
Training Data 2.zip,Run_324/VisualCamera7_Run_324_frame-timing.csv,0324,.csv,visual_camera_timing
Training Data 2.zip,Run_324/VisualCamera1_Run_324.mp4,0324,.mp4,video_file
Training Data 2.zip,Run_324/Radars_Run_324_sensor4.json,0324,.json,radar_sensor_json
Training Data 2.zip,Run_324/VisualCamera6_Run_324_frame-timing.csv,0324,.csv,visual_camera_timing
Training Data 2.zip,Run_940/VisualCamera8_Run_940.mp4,0940,.mp4,video_file
Training Data 2.zip,Run_940/VisualCamera7_Run_940.mp4,0940,.mp4,video_file
Training Data 2.zip,Run_940/ThermalCamera2_Run_940.mp4,0940,.mp4,video_file
Training Data 2.zip,Run_940/VisualCamera5_Run_940.mp4,0940,.mp4,video_file
Training Data 2.zip,Run_940/VisualCamera3_Run_940.mp4,0940,.mp4,video_file
Training Data 2.zip,Run_940/ThermalCamera4_Run_940.mp4,0940,.mp4,video_file
Training Data 2.zip,Run_940/ISC_Run_940_ISC_all_timing.csv,0940,.csv,isc_timing_csv
Training Data 2.zip,Run_940/VisualCamera1_Run_940.mp4,0940,.mp4,video_file
Training Data 2.zip,Run_940/ThermalCamera4_Run_940_frame-timing.csv,0940,.csv,thermal_camera_timing
Training Data 2.zip,Run_940/VisualCamera5_Run_940_frame-timing.csv,0940,.csv,visual_camera_timing
Training Data 2.zip,Run_940/ThermalCamera5_Run_940.mp4,0940,.mp4,video_file
Training Data 2.zip,Run_940/ThermalCamera5_Run_940_frame-timing.csv,0940,.csv,thermal_camera_timing
Training Data 2.zip,Run_940/VisualCamera4_Run_940_frame-timing.csv,0940,.csv,visual_camera_timing
Training Data 2.zip,Run_940/VisualCamera2_Run_940.mp4,0940,.mp4,video_file
Training Data 2.zip,Run_940/VisualCamera6_Run_940_frame-timing.csv,0940,.csv,visual_camera_timing
Training Data 2.zip,Run_940/VisualCamera7_Run_940_frame-timing.csv,0940,.csv,visual_camera_timing
Training Data 2.zip,Run_940/ThermalCamera3_Run_940_frame-timing.csv,0940,.csv,thermal_camera_timing
Training Data 2.zip,Run_940/VisualCamera2_Run_940_frame-timing.csv,0940,.csv,visual_camera_timing
Training Data 2.zip,Run_940/ThermalCamera2_Run_940_frame-timing.csv,0940,.csv,thermal_camera_timing
Training Data 2.zip,Run_940/VisualCamera3_Run_940_frame-timing.csv,0940,.csv,visual_camera_timing
Training Data 2.zip,Run_940/Lidar1_Run_940.pcap,0940,.pcap,pcap_file
Training Data 2.zip,Run_940/VisualCamera1_Run_940_frame-timing.csv,0940,.csv,visual_camera_timing
Training Data 2.zip,Run_940/Lidar2_Run_940.pcap,0940,.pcap,pcap_file
Training Data 2.zip,Run_940/ThermalCamera1_Run_940_frame-timing.csv,0940,.csv,thermal_camera_timing
Training Data 2.zip,Run_940/VisualCamera6_Run_940.mp4,0940,.mp4,video_file
Training Data 2.zip,Run_940/ThermalCamera1_Run_940.mp4,0940,.mp4,video_file
Training Data 2.zip,Run_940/VisualCamera8_Run_940_frame-timing.csv,0940,.csv,visual_camera_timing
Training Data 2.zip,Run_940/VisualCamera4_Run_940.mp4,0940,.mp4,video_file
Training Data 2.zip,Run_940/ThermalCamera3_Run_940.mp4,0940,.mp4,video_file
Training Data 2.zip,Run_1175/ThermalCamera2_Run_1175_frame-timing.csv,1175,.csv,thermal_camera_timing
Training Data 2.zip,Run_1175/ThermalCamera1_Run_1175_frame-timing.csv,1175,.csv,thermal_camera_timing
Training Data 2.zip,Run_1175/ISC_Run_1175_ISC_all_timing.csv,1175,.csv,isc_timing_csv
Training Data 2.zip,Run_1175/ISC_Run_1175_v2xhub_timing.csv,1175,.csv,v2xhub_timing_csv
Training Data 2.zip,Run_1175/ThermalCamera4_Run_1175_frame-timing.csv,1175,.csv,thermal_camera_timing
Training Data 2.zip,Run_1175/ThermalCamera1_Run_1175.mp4,1175,.mp4,video_file
Training Data 2.zip,Run_1175/VisualCamera3_Run_1175_frame-timing.csv,1175,.csv,visual_camera_timing
Training Data 2.zip,Run_1175/ThermalCamera2_Run_1175.mp4,1175,.mp4,video_file
Training Data 2.zip,Run_1175/ThermalCamera3_Run_1175.mp4,1175,.mp4,video_file
Training Data 2.zip,Run_1175/VisualCamera6_Run_1175_frame-timing.csv,1175,.csv,visual_camera_timing
Training Data 2.zip,Run_1175/Lidar1_Run_1175.pcap,1175,.pcap,pcap_file
Training Data 2.zip,Run_1175/ThermalCamera5_Run_1175.mp4,1175,.mp4,video_file
Training Data 2.zip,Run_1175/ThermalCamera4_Run_1175.mp4,1175,.mp4,video_file
Training Data 2.zip,Run_1175/VisualCamera5_Run_1175_frame-timing.csv,1175,.csv,visual_camera_timing
Training Data 2.zip,Run_1175/ThermalCamera3_Run_1175_frame-timing.csv,1175,.csv,thermal_camera_timing
Training Data 2.zip,Run_1175/V2XHubSensor_Run_1175.csv,1175,.csv,v2xhub_csv
Training Data 2.zip,Run_1175/VisualCamera8_Run_1175_frame-timing.csv,1175,.csv,visual_camera_timing
Training Data 2.zip,Run_1175/ThermalCamera5_Run_1175_frame-timing.csv,1175,.csv,thermal_camera_timing
Training Data 2.zip,Run_1175/VisualCamera8_Run_1175.mp4,1175,.mp4,video_file
Training Data 2.zip,Run_1175/VisualCamera3_Run_1175.mp4,1175,.mp4,video_file
Training Data 2.zip,Run_1175/VisualCamera1_Run_1175_frame-timing.csv,1175,.csv,visual_camera_timing
Training Data 2.zip,Run_1175/VisualCamera2_Run_1175.mp4,1175,.mp4,video_file
Training Data 2.zip,Run_1175/VisualCamera2_Run_1175_frame-timing.csv,1175,.csv,visual_camera_timing
Training Data 2.zip,Run_1175/VisualCamera1_Run_1175.mp4,1175,.mp4,video_file
Training Data 2.zip,Run_1175/VisualCamera4_Run_1175.mp4,1175,.mp4,video_file
Training Data 2.zip,Run_1175/VisualCamera7_Run_1175_frame-timing.csv,1175,.csv,visual_camera_timing
Training Data 2.zip,Run_1175/Lidar2_Run_1175.pcap,1175,.pcap,pcap_file
Training Data 2.zip,Run_1175/VisualCamera5_Run_1175.mp4,1175,.mp4,video_file
Training Data 2.zip,Run_1175/VisualCamera7_Run_1175.mp4,1175,.mp4,video_file
Training Data 2.zip,Run_1175/VisualCamera6_Run_1175.mp4,1175,.mp4,video_file
Training Data 2.zip,Run_1175/VisualCamera4_Run_1175_frame-timing.csv,1175,.csv,visual_camera_timing
Training Data 2.zip,Run_1175/V2XHubSPaT_Run_1175.pcap,1175,.pcap,pcap_file
Training Data 2.zip,Run_484/VisualCamera6_Run_484_frame-timing.csv,0484,.csv,visual_camera_timing
Training Data 2.zip,Run_484/VisualCamera7_Run_484_frame-timing.csv,0484,.csv,visual_camera_timing
Training Data 2.zip,Run_484/VisualCamera5_Run_484_frame-timing.csv,0484,.csv,visual_camera_timing
Training Data 2.zip,Run_484/V2XHubSensor_Run_484.csv,0484,.csv,v2xhub_csv
Training Data 2.zip,Run_484/VisualCamera4_Run_484_frame-timing.csv,0484,.csv,visual_camera_timing
Training Data 2.zip,Run_484/VisualCamera1_Run_484_frame-timing.csv,0484,.csv,visual_camera_timing
Training Data 2.zip,Run_484/Radars_Run_484_sensor3.json,0484,.json,radar_sensor_json
Training Data 2.zip,Run_484/ThermalCamera4_Run_484.mp4,0484,.mp4,video_file
Training Data 2.zip,Run_484/VisualCamera2_Run_484_frame-timing.csv,0484,.csv,visual_camera_timing
Training Data 2.zip,Run_484/VisualCamera2_Run_484.mp4,0484,.mp4,video_file
Training Data 2.zip,Run_484/VisualCamera3_Run_484_frame-timing.csv,0484,.csv,visual_camera_timing
Training Data 2.zip,Run_484/Lidar1_Run_484.pcap,0484,.pcap,pcap_file
Training Data 2.zip,Run_484/ThermalCamera5_Run_484_frame-timing.csv,0484,.csv,thermal_camera_timing
Training Data 2.zip,Run_484/VisualCamera4_Run_484.mp4,0484,.mp4,video_file
Training Data 2.zip,Run_484/VisualCamera8_Run_484_frame-timing.csv,0484,.csv,visual_camera_timing
Training Data 2.zip,Run_484/Radars_Run_484_sensor2.json,0484,.json,radar_sensor_json
Training Data 2.zip,Run_484/ThermalCamera4_Run_484_frame-timing.csv,0484,.csv,thermal_camera_timing
Training Data 2.zip,Run_484/ISC_Run_484_ISC_all_timing.csv,0484,.csv,isc_timing_csv
Training Data 2.zip,Run_484/Lidar2_Run_484.pcap,0484,.pcap,pcap_file
Training Data 2.zip,Run_484/ThermalCamera2_Run_484.mp4,0484,.mp4,video_file
Training Data 2.zip,Run_484/ThermalCamera2_Run_484_frame-timing.csv,0484,.csv,thermal_camera_timing
Training Data 2.zip,Run_484/ThermalCamera3_Run_484_frame-timing.csv,0484,.csv,thermal_camera_timing
Training Data 2.zip,Run_484/VisualCamera6_Run_484.mp4,0484,.mp4,video_file
Training Data 2.zip,Run_484/ThermalCamera1_Run_484_frame-timing.csv,0484,.csv,thermal_camera_timing
Training Data 2.zip,Run_484/Radars_Run_484_traffic-triggers-output.json,0484,.json,traffic_trigger_json
Training Data 2.zip,Run_484/ThermalCamera3_Run_484.mp4,0484,.mp4,video_file
Training Data 2.zip,Run_484/Radars_Run_484_sensor4.json,0484,.json,radar_sensor_json
Training Data 2.zip,Run_484/VisualCamera5_Run_484.mp4,0484,.mp4,video_file
Training Data 2.zip,Run_484/ThermalCamera1_Run_484.mp4,0484,.mp4,video_file
Training Data 2.zip,Run_484/V2XHubSPaT_Run_484.pcap,0484,.pcap,pcap_file
Training Data 2.zip,Run_484/VisualCamera7_Run_484.mp4,0484,.mp4,video_file
Training Data 2.zip,Run_484/VisualCamera8_Run_484.mp4,0484,.mp4,video_file
Training Data 2.zip,Run_484/VisualCamera1_Run_484.mp4,0484,.mp4,video_file
Training Data 2.zip,Run_484/ISC_Run_484_v2xhub_timing.csv,0484,.csv,v2xhub_timing_csv
Training Data 2.zip,Run_484/VisualCamera3_Run_484.mp4,0484,.mp4,video_file
Training Data 2.zip,Run_484/Radars_Run_484_sensor1.json,0484,.json,radar_sensor_json
Training Data 2.zip,Run_484/ThermalCamera5_Run_484.mp4,0484,.mp4,video_file
Training Data 2.zip,Run_1005/VisualCamera5_Run_1005_frame-timing.csv,1005,.csv,visual_camera_timing
Training Data 2.zip,Run_1005/ISC_Run_1005_v2xhub_timing.csv,1005,.csv,v2xhub_timing_csv
Training Data 2.zip,Run_1005/ThermalCamera5_Run_1005_frame-timing.csv,1005,.csv,thermal_camera_timing
Training Data 2.zip,Run_1005/VisualCamera6_Run_1005_frame-timing.csv,1005,.csv,visual_camera_timing
Training Data 3.zip,Run_1040/ThermalCamera2_Run_1040_frame-timing.csv,1040,.csv,thermal_camera_timing
Training Data 3.zip,Run_1040/ThermalCamera1_Run_1040_frame-timing.csv,1040,.csv,thermal_camera_timing
Training Data 3.zip,Run_1040/Lidar2_Run_1040.pcap,1040,.pcap,pcap_file
Training Data 3.zip,Run_1040/ThermalCamera4_Run_1040_frame-timing.csv,1040,.csv,thermal_camera_timing
Training Data 3.zip,Run_1040/ISC_Run_1040_ISC_all_timing.csv,1040,.csv,isc_timing_csv
Training Data 3.zip,Run_1040/VisualCamera5_Run_1040_frame-timing.csv,1040,.csv,visual_camera_timing
Training Data 3.zip,Run_1040/VisualCamera6_Run_1040_frame-timing.csv,1040,.csv,visual_camera_timing
Training Data 3.zip,Run_1040/VisualCamera3_Run_1040_frame-timing.csv,1040,.csv,visual_camera_timing
Training Data 3.zip,Run_1040/ThermalCamera3_Run_1040_frame-timing.csv,1040,.csv,thermal_camera_timing
Training Data 3.zip,Run_1040/ThermalCamera4_Run_1040.mp4,1040,.mp4,video_file
Training Data 3.zip,Run_1040/ThermalCamera5_Run_1040.mp4,1040,.mp4,video_file
Training Data 3.zip,Run_1040/VisualCamera8_Run_1040.mp4,1040,.mp4,video_file
Training Data 3.zip,Run_1040/VisualCamera8_Run_1040_frame-timing.csv,1040,.csv,visual_camera_timing
Training Data 3.zip,Run_1040/Lidar1_Run_1040.pcap,1040,.pcap,pcap_file
Training Data 3.zip,Run_1040/ThermalCamera3_Run_1040.mp4,1040,.mp4,video_file
Training Data 3.zip,Run_1040/ThermalCamera2_Run_1040.mp4,1040,.mp4,video_file
Training Data 3.zip,Run_1040/ThermalCamera5_Run_1040_frame-timing.csv,1040,.csv,thermal_camera_timing
Training Data 3.zip,Run_1040/ThermalCamera1_Run_1040.mp4,1040,.mp4,video_file
Training Data 3.zip,Run_1040/VisualCamera5_Run_1040.mp4,1040,.mp4,video_file
Training Data 3.zip,Run_1040/VisualCamera4_Run_1040_frame-timing.csv,1040,.csv,visual_camera_timing
Training Data 3.zip,Run_1040/VisualCamera4_Run_1040.mp4,1040,.mp4,video_file
Training Data 3.zip,Run_1040/VisualCamera7_Run_1040_frame-timing.csv,1040,.csv,visual_camera_timing
Training Data 3.zip,Run_1040/VisualCamera6_Run_1040.mp4,1040,.mp4,video_file
Training Data 3.zip,Run_1040/VisualCamera7_Run_1040.mp4,1040,.mp4,video_file
Training Data 3.zip,Run_1040/VisualCamera2_Run_1040.mp4,1040,.mp4,video_file
Training Data 3.zip,Run_1040/VisualCamera3_Run_1040.mp4,1040,.mp4,video_file
Training Data 3.zip,Run_1040/VisualCamera2_Run_1040_frame-timing.csv,1040,.csv,visual_camera_timing
Training Data 3.zip,Run_1040/VisualCamera1_Run_1040.mp4,1040,.mp4,video_file
Training Data 3.zip,Run_1040/VisualCamera1_Run_1040_frame-timing.csv,1040,.csv,visual_camera_timing
Training Data 3.zip,Run_132/VisualCamera1_Run_132_frame-timing.csv,0132,.csv,visual_camera_timing
Training Data 3.zip,Run_132/ThermalCamera5_Run_132_frame-timing.csv,0132,.csv,thermal_camera_timing
Training Data 3.zip,Run_132/ISC_Run_132_ISC_all_timing.csv,0132,.csv,isc_timing_csv
Training Data 3.zip,Run_132/ThermalCamera4_Run_132_frame-timing.csv,0132,.csv,thermal_camera_timing
Training Data 3.zip,Run_132/VisualCamera2_Run_132.mp4,0132,.mp4,video_file
Training Data 3.zip,Run_132/ThermalCamera3_Run_132.mp4,0132,.mp4,video_file
Training Data 3.zip,Run_132/VisualCamera2_Run_132_frame-timing.csv,0132,.csv,visual_camera_timing
Training Data 3.zip,Run_132/VisualCamera3_Run_132_frame-timing.csv,0132,.csv,visual_camera_timing
Training Data 3.zip,Run_132/ThermalCamera2_Run_132_frame-timing.csv,0132,.csv,thermal_camera_timing
Training Data 3.zip,Run_132/VisualCamera6_Run_132_frame-timing.csv,0132,.csv,visual_camera_timing
Training Data 3.zip,Run_132/ThermalCamera1_Run_132.mp4,0132,.mp4,video_file
Training Data 3.zip,Run_132/VisualCamera7_Run_132_frame-timing.csv,0132,.csv,visual_camera_timing
Training Data 3.zip,Run_132/ThermalCamera3_Run_132_frame-timing.csv,0132,.csv,thermal_camera_timing
Training Data 3.zip,Run_132/VisualCamera5_Run_132_frame-timing.csv,0132,.csv,visual_camera_timing
Training Data 3.zip,Run_132/ThermalCamera1_Run_132_frame-timing.csv,0132,.csv,thermal_camera_timing
Training Data 3.zip,Run_132/VisualCamera4_Run_132_frame-timing.csv,0132,.csv,visual_camera_timing
Training Data 3.zip,Run_132/VisualCamera6_Run_132.mp4,0132,.mp4,video_file
Training Data 3.zip,Run_132/VisualCamera8_Run_132_frame-timing.csv,0132,.csv,visual_camera_timing
Training Data 3.zip,Run_132/ThermalCamera5_Run_132.mp4,0132,.mp4,video_file
Training Data 3.zip,Run_132/VisualCamera4_Run_132.mp4,0132,.mp4,video_file
Training Data 3.zip,Run_132/VisualCamera8_Run_132.mp4,0132,.mp4,video_file
Training Data 3.zip,Run_132/VisualCamera7_Run_132.mp4,0132,.mp4,video_file
Training Data 3.zip,Run_132/ThermalCamera4_Run_132.mp4,0132,.mp4,video_file
Training Data 3.zip,Run_132/VisualCamera5_Run_132.mp4,0132,.mp4,video_file
Training Data 3.zip,Run_132/Lidar2_Run_132.pcap,0132,.pcap,pcap_file
Training Data 3.zip,Run_132/VisualCamera3_Run_132.mp4,0132,.mp4,video_file
Training Data 3.zip,Run_132/ThermalCamera2_Run_132.mp4,0132,.mp4,video_file
Training Data 3.zip,Run_132/Lidar1_Run_132.pcap,0132,.pcap,pcap_file
Training Data 3.zip,Run_132/VisualCamera1_Run_132.mp4,0132,.mp4,video_file
Training Data 3.zip,Run_89/VisualCamera1_Run_89_frame-timing.csv,0089,.csv,visual_camera_timing
Training Data 3.zip,Run_89/ThermalCamera1_Run_89_frame-timing.csv,0089,.csv,thermal_camera_timing
Training Data 3.zip,Run_89/V2XHubSensor_Run_89.csv,0089,.csv,v2xhub_csv
Training Data 3.zip,Run_89/Radars_Run_89_sensor3.json,0089,.json,radar_sensor_json
Training Data 3.zip,Run_89/VisualCamera7_Run_89.mp4,0089,.mp4,video_file
Training Data 3.zip,Run_89/ThermalCamera5_Run_89_frame-timing.csv,0089,.csv,thermal_camera_timing
Training Data 3.zip,Run_89/VisualCamera5_Run_89_frame-timing.csv,0089,.csv,visual_camera_timing
Training Data 3.zip,Run_89/ISC_Run_89_v2xhub_timing.csv,0089,.csv,v2xhub_timing_csv
Training Data 3.zip,Run_89/VisualCamera2_Run_89.mp4,0089,.mp4,video_file
Training Data 3.zip,Run_89/VisualCamera2_Run_89_frame-timing.csv,0089,.csv,visual_camera_timing
Training Data 3.zip,Run_89/ThermalCamera2_Run_89.mp4,0089,.mp4,video_file
Training Data 3.zip,Run_89/Radars_Run_89_sensor2.json,0089,.json,radar_sensor_json
Training Data 3.zip,Run_89/ThermalCamera2_Run_89_frame-timing.csv,0089,.csv,thermal_camera_timing
Training Data 3.zip,Run_89/VisualCamera6_Run_89_frame-timing.csv,0089,.csv,visual_camera_timing
Training Data 3.zip,Run_89/Lidar1_Run_89.pcap,0089,.pcap,pcap_file
Training Data 3.zip,Run_89/VisualCamera5_Run_89.mp4,0089,.mp4,video_file
Training Data 3.zip,Run_89/ThermalCamera5_Run_89.mp4,0089,.mp4,video_file
Training Data 3.zip,Run_89/ThermalCamera4_Run_89.mp4,0089,.mp4,video_file
Training Data 3.zip,Run_89/VisualCamera4_Run_89_frame-timing.csv,0089,.csv,visual_camera_timing
Training Data 3.zip,Run_89/ThermalCamera4_Run_89_frame-timing.csv,0089,.csv,thermal_camera_timing
Training Data 3.zip,Run_89/Radars_Run_89_sensor4.json,0089,.json,radar_sensor_json
Training Data 3.zip,Run_89/Lidar2_Run_89.pcap,0089,.pcap,pcap_file
Training Data 3.zip,Run_89/VisualCamera4_Run_89.mp4,0089,.mp4,video_file
Training Data 3.zip,Run_89/ThermalCamera3_Run_89.mp4,0089,.mp4,video_file
Training Data 3.zip,Run_89/VisualCamera3_Run_89.mp4,0089,.mp4,video_file
Training Data 3.zip,Run_89/VisualCamera8_Run_89.mp4,0089,.mp4,video_file
Training Data 3.zip,Run_89/VisualCamera8_Run_89_frame-timing.csv,0089,.csv,visual_camera_timing
Training Data 3.zip,Run_89/ISC_Run_89_ISC_all_timing.csv,0089,.csv,isc_timing_csv
Training Data 3.zip,Run_89/Radars_Run_89_traffic-triggers-output.json,0089,.json,traffic_trigger_json
Training Data 3.zip,Run_89/VisualCamera6_Run_89.mp4,0089,.mp4,video_file
Training Data 3.zip,Run_89/VisualCamera1_Run_89.mp4,0089,.mp4,video_file
Training Data 3.zip,Run_89/ThermalCamera3_Run_89_frame-timing.csv,0089,.csv,thermal_camera_timing
Training Data 3.zip,Run_89/VisualCamera3_Run_89_frame-timing.csv,0089,.csv,visual_camera_timing
Training Data 3.zip,Run_89/ThermalCamera1_Run_89.mp4,0089,.mp4,video_file
Training Data 3.zip,Run_89/V2XHubSPaT_Run_89.pcap,0089,.pcap,pcap_file
Training Data 3.zip,Run_89/Radars_Run_89_sensor1.json,0089,.json,radar_sensor_json
Training Data 3.zip,Run_89/VisualCamera7_Run_89_frame-timing.csv,0089,.csv,visual_camera_timing
Training Data 3.zip,Run_925/VisualCamera8_Run_925.mp4,0925,.mp4,video_file
Training Data 3.zip,Run_925/VisualCamera7_Run_925.mp4,0925,.mp4,video_file
Training Data 3.zip,Run_925/ISC_Run_925_ISC_all_timing.csv,0925,.csv,isc_timing_csv
Training Data 3.zip,Run_925/ThermalCamera5_Run_925.mp4,0925,.mp4,video_file
Training Data 3.zip,Run_925/VisualCamera5_Run_925.mp4,0925,.mp4,video_file
Training Data 3.zip,Run_925/VisualCamera3_Run_925.mp4,0925,.mp4,video_file
Training Data 3.zip,Run_925/ThermalCamera4_Run_925_frame-timing.csv,0925,.csv,thermal_camera_timing
Training Data 3.zip,Run_925/ThermalCamera3_Run_925.mp4,0925,.mp4,video_file
Training Data 3.zip,Run_925/ThermalCamera5_Run_925_frame-timing.csv,0925,.csv,thermal_camera_timing
Training Data 3.zip,Run_925/VisualCamera1_Run_925.mp4,0925,.mp4,video_file
Training Data 3.zip,Run_925/ThermalCamera1_Run_925_frame-timing.csv,0925,.csv,thermal_camera_timing
Training Data 3.zip,Run_925/ThermalCamera1_Run_925.mp4,0925,.mp4,video_file
Training Data 3.zip,Run_925/ThermalCamera3_Run_925_frame-timing.csv,0925,.csv,thermal_camera_timing
Training Data 3.zip,Run_925/ThermalCamera2_Run_925_frame-timing.csv,0925,.csv,thermal_camera_timing
Training Data 3.zip,Run_925/ThermalCamera2_Run_925.mp4,0925,.mp4,video_file
Training Data 3.zip,Run_925/VisualCamera8_Run_925_frame-timing.csv,0925,.csv,visual_camera_timing
Training Data 3.zip,Run_925/VisualCamera2_Run_925.mp4,0925,.mp4,video_file
Training Data 3.zip,Run_925/Lidar1_Run_925.pcap,0925,.pcap,pcap_file
Training Data 3.zip,Run_925/Lidar2_Run_925.pcap,0925,.pcap,pcap_file
Training Data 3.zip,Run_925/VisualCamera6_Run_925_frame-timing.csv,0925,.csv,visual_camera_timing
Training Data 3.zip,Run_925/VisualCamera6_Run_925.mp4,0925,.mp4,video_file
Training Data 3.zip,Run_925/VisualCamera7_Run_925_frame-timing.csv,0925,.csv,visual_camera_timing
Training Data 3.zip,Run_925/VisualCamera5_Run_925_frame-timing.csv,0925,.csv,visual_camera_timing
Training Data 3.zip,Run_925/VisualCamera4_Run_925_frame-timing.csv,0925,.csv,visual_camera_timing
Training Data 3.zip,Run_925/VisualCamera1_Run_925_frame-timing.csv,0925,.csv,visual_camera_timing
Training Data 3.zip,Run_925/VisualCamera4_Run_925.mp4,0925,.mp4,video_file
Training Data 3.zip,Run_925/VisualCamera2_Run_925_frame-timing.csv,0925,.csv,visual_camera_timing
Training Data 3.zip,Run_925/ThermalCamera4_Run_925.mp4,0925,.mp4,video_file
Training Data 3.zip,Run_925/VisualCamera3_Run_925_frame-timing.csv,0925,.csv,visual_camera_timing
Training Data 3.zip,Run_405/VisualCamera1_Run_405.mp4,0405,.mp4,video_file
Training Data 3.zip,Run_405/Lidar1_Run_405.pcap,0405,.pcap,pcap_file
Training Data 3.zip,Run_405/ThermalCamera4_Run_405.mp4,0405,.mp4,video_file
Training Data 3.zip,Run_405/Lidar2_Run_405.pcap,0405,.pcap,pcap_file
Training Data 3.zip,Run_405/VisualCamera3_Run_405.mp4,0405,.mp4,video_file
Training Data 3.zip,Run_405/VisualCamera8_Run_405_frame-timing.csv,0405,.csv,visual_camera_timing
Training Data 3.zip,Run_405/Radars_Run_405_traffic-triggers-output.json,0405,.json,traffic_trigger_json
Training Data 3.zip,Run_405/Radars_Run_405_sensor1.json,0405,.json,radar_sensor_json
Training Data 3.zip,Run_405/Radars_Run_405_sensor4.json,0405,.json,radar_sensor_json
Training Data 3.zip,Run_405/V2XHubSensor_Run_405.csv,0405,.csv,v2xhub_csv
Training Data 3.zip,Run_405/VisualCamera1_Run_405_frame-timing.csv,0405,.csv,visual_camera_timing
Training Data 3.zip,Run_405/ISC_Run_405_v2xhub_timing.csv,0405,.csv,v2xhub_timing_csv
Training Data 3.zip,Run_405/ISC_Run_405_ISC_all_timing.csv,0405,.csv,isc_timing_csv
Training Data 3.zip,Run_405/VisualCamera3_Run_405_frame-timing.csv,0405,.csv,visual_camera_timing
Training Data 3.zip,Run_405/VisualCamera5_Run_405.mp4,0405,.mp4,video_file
Training Data 3.zip,Run_405/VisualCamera2_Run_405_frame-timing.csv,0405,.csv,visual_camera_timing
Training Data 3.zip,Run_405/ThermalCamera2_Run_405.mp4,0405,.mp4,video_file
Training Data 3.zip,Run_405/VisualCamera7_Run_405_frame-timing.csv,0405,.csv,visual_camera_timing
Training Data 3.zip,Run_405/VisualCamera6_Run_405_frame-timing.csv,0405,.csv,visual_camera_timing
Training Data 3.zip,Run_405/VisualCamera8_Run_405.mp4,0405,.mp4,video_file
Training Data 3.zip,Run_405/VisualCamera7_Run_405.mp4,0405,.mp4,video_file
Training Data 3.zip,Run_405/VisualCamera4_Run_405_frame-timing.csv,0405,.csv,visual_camera_timing
Training Data 3.zip,Run_405/VisualCamera5_Run_405_frame-timing.csv,0405,.csv,visual_camera_timing
Training Data 3.zip,Run_405/VisualCamera4_Run_405.mp4,0405,.mp4,video_file
Training Data 3.zip,Run_405/Radars_Run_405_sensor2.json,0405,.json,radar_sensor_json
Training Data 3.zip,Run_405/ThermalCamera1_Run_405.mp4,0405,.mp4,video_file
Training Data 3.zip,Run_405/VisualCamera6_Run_405.mp4,0405,.mp4,video_file
Training Data 3.zip,Run_405/ThermalCamera3_Run_405.mp4,0405,.mp4,video_file
Training Data 3.zip,Run_405/ThermalCamera5_Run_405.mp4,0405,.mp4,video_file
Training Data 3.zip,Run_405/ThermalCamera4_Run_405_frame-timing.csv,0405,.csv,thermal_camera_timing
Training Data 3.zip,Run_405/ThermalCamera5_Run_405_frame-timing.csv,0405,.csv,thermal_camera_timing
Training Data 3.zip,Run_405/V2XHubSPaT_Run_405.pcap,0405,.pcap,pcap_file
Training Data 3.zip,Run_405/ThermalCamera3_Run_405_frame-timing.csv,0405,.csv,thermal_camera_timing
Training Data 3.zip,Run_405/ThermalCamera2_Run_405_frame-timing.csv,0405,.csv,thermal_camera_timing
Training Data 3.zip,Run_405/Radars_Run_405_sensor3.json,0405,.json,radar_sensor_json
Training Data 3.zip,Run_405/ThermalCamera1_Run_405_frame-timing.csv,0405,.csv,thermal_camera_timing
Training Data 3.zip,Run_405/VisualCamera2_Run_405.mp4,0405,.mp4,video_file
Training Data 3.zip,Run_591/VisualCamera3_Run_591_frame-timing.csv,0591,.csv,visual_camera_timing
Training Data 3.zip,Run_591/VisualCamera2_Run_591_frame-timing.csv,0591,.csv,visual_camera_timing
Training Data 3.zip,Run_591/VisualCamera4_Run_591.mp4,0591,.mp4,video_file
Training Data 3.zip,Run_591/ThermalCamera5_Run_591.mp4,0591,.mp4,video_file
Training Data 3.zip,Run_591/VisualCamera1_Run_591_frame-timing.csv,0591,.csv,visual_camera_timing
Training Data 3.zip,Run_591/Radars_Run_591_traffic-triggers-output.json,0591,.json,traffic_trigger_json
Training Data 3.zip,Run_591/VisualCamera4_Run_591_frame-timing.csv,0591,.csv,visual_camera_timing
Training Data 3.zip,Run_591/VisualCamera6_Run_591.mp4,0591,.mp4,video_file
Training Data 3.zip,Run_591/Radars_Run_591_sensor1.json,0591,.json,radar_sensor_json
Training Data 3.zip,Run_591/VisualCamera5_Run_591_frame-timing.csv,0591,.csv,visual_camera_timing
Training Data 3.zip,Run_591/VisualCamera7_Run_591_frame-timing.csv,0591,.csv,visual_camera_timing
Training Data 3.zip,Run_591/VisualCamera6_Run_591_frame-timing.csv,0591,.csv,visual_camera_timing
Training Data 3.zip,Run_591/ThermalCamera1_Run_591.mp4,0591,.mp4,video_file
Training Data 3.zip,Run_591/ThermalCamera4_Run_591_frame-timing.csv,0591,.csv,thermal_camera_timing
Training Data 3.zip,Run_591/Radars_Run_591_sensor4.json,0591,.json,radar_sensor_json
Training Data 3.zip,Run_591/ThermalCamera5_Run_591_frame-timing.csv,0591,.csv,thermal_camera_timing
Training Data 3.zip,Run_591/ThermalCamera3_Run_591.mp4,0591,.mp4,video_file
Training Data 3.zip,Run_591/Lidar2_Run_591.pcap,0591,.pcap,pcap_file
Training Data 3.zip,Run_591/ThermalCamera1_Run_591_frame-timing.csv,0591,.csv,thermal_camera_timing
Training Data 3.zip,Run_591/VisualCamera8_Run_591_frame-timing.csv,0591,.csv,visual_camera_timing
Training Data 3.zip,Run_591/ThermalCamera3_Run_591_frame-timing.csv,0591,.csv,thermal_camera_timing
Training Data 3.zip,Run_591/VisualCamera2_Run_591.mp4,0591,.mp4,video_file
Training Data 3.zip,Run_591/Lidar1_Run_591.pcap,0591,.pcap,pcap_file
Training Data 3.zip,Run_591/ThermalCamera2_Run_591_frame-timing.csv,0591,.csv,thermal_camera_timing
Training Data 3.zip,Run_591/VisualCamera1_Run_591.mp4,0591,.mp4,video_file
Training Data 3.zip,Run_591/V2XHubSensor_Run_591.csv,0591,.csv,v2xhub_csv
Training Data 3.zip,Run_591/Radars_Run_591_sensor2.json,0591,.json,radar_sensor_json
Training Data 3.zip,Run_591/VisualCamera3_Run_591.mp4,0591,.mp4,video_file
Training Data 3.zip,Run_591/V2XHubSPaT_Run_591.pcap,0591,.pcap,pcap_file
Training Data 3.zip,Run_591/ThermalCamera2_Run_591.mp4,0591,.mp4,video_file
Training Data 3.zip,Run_591/ThermalCamera4_Run_591.mp4,0591,.mp4,video_file
Training Data 3.zip,Run_591/VisualCamera5_Run_591.mp4,0591,.mp4,video_file
Training Data 3.zip,Run_591/ISC_Run_591_v2xhub_timing.csv,0591,.csv,v2xhub_timing_csv
Training Data 3.zip,Run_591/ISC_Run_591_ISC_all_timing.csv,0591,.csv,isc_timing_csv
Training Data 3.zip,Run_591/Radars_Run_591_sensor3.json,0591,.json,radar_sensor_json
Training Data 3.zip,Run_591/VisualCamera8_Run_591.mp4,0591,.mp4,video_file
Training Data 3.zip,Run_591/VisualCamera7_Run_591.mp4,0591,.mp4,video_file
Training Data 3.zip,Run_1191/VisualCamera8_Run_1191_frame-timing.csv,1191,.csv,visual_camera_timing
Training Data 3.zip,Run_1191/V2XHubSensor_Run_1191.csv,1191,.csv,v2xhub_csv
Training Data 4.zip,Run_414/ThermalCamera4_Run_414_frame-timing.csv,0414,.csv,thermal_camera_timing
Training Data 4.zip,Run_414/ThermalCamera5_Run_414_frame-timing.csv,0414,.csv,thermal_camera_timing
Training Data 4.zip,Run_414/ISC_Run_414_v2xhub_timing.csv,0414,.csv,v2xhub_timing_csv
Training Data 4.zip,Run_414/VisualCamera4_Run_414.mp4,0414,.mp4,video_file
Training Data 4.zip,Run_414/ThermalCamera1_Run_414.mp4,0414,.mp4,video_file
Training Data 4.zip,Run_414/ThermalCamera3_Run_414_frame-timing.csv,0414,.csv,thermal_camera_timing
Training Data 4.zip,Run_414/ThermalCamera2_Run_414_frame-timing.csv,0414,.csv,thermal_camera_timing
Training Data 4.zip,Run_414/V2XHubSensor_Run_414.csv,0414,.csv,v2xhub_csv
Training Data 4.zip,Run_414/VisualCamera6_Run_414.mp4,0414,.mp4,video_file
Training Data 4.zip,Run_414/ThermalCamera3_Run_414.mp4,0414,.mp4,video_file
Training Data 4.zip,Run_414/ThermalCamera1_Run_414_frame-timing.csv,0414,.csv,thermal_camera_timing
Training Data 4.zip,Run_414/Lidar2_Run_414.pcap,0414,.pcap,pcap_file
Training Data 4.zip,Run_414/ThermalCamera5_Run_414.mp4,0414,.mp4,video_file
Training Data 4.zip,Run_414/Lidar1_Run_414.pcap,0414,.pcap,pcap_file
Training Data 4.zip,Run_414/V2XHubSPaT_Run_414.pcap,0414,.pcap,pcap_file
Training Data 4.zip,Run_414/VisualCamera2_Run_414.mp4,0414,.mp4,video_file
Training Data 4.zip,Run_414/ThermalCamera4_Run_414.mp4,0414,.mp4,video_file
Training Data 4.zip,Run_414/VisualCamera1_Run_414.mp4,0414,.mp4,video_file
Training Data 4.zip,Run_414/VisualCamera3_Run_414.mp4,0414,.mp4,video_file
Training Data 4.zip,Run_414/VisualCamera8_Run_414_frame-timing.csv,0414,.csv,visual_camera_timing
Training Data 4.zip,Run_414/ISC_Run_414_ISC_all_timing.csv,0414,.csv,isc_timing_csv
Training Data 4.zip,Run_414/VisualCamera5_Run_414.mp4,0414,.mp4,video_file
Training Data 4.zip,Run_414/VisualCamera2_Run_414_frame-timing.csv,0414,.csv,visual_camera_timing
Training Data 4.zip,Run_414/VisualCamera3_Run_414_frame-timing.csv,0414,.csv,visual_camera_timing
Training Data 4.zip,Run_414/VisualCamera1_Run_414_frame-timing.csv,0414,.csv,visual_camera_timing
Training Data 4.zip,Run_414/VisualCamera5_Run_414_frame-timing.csv,0414,.csv,visual_camera_timing
Training Data 4.zip,Run_414/VisualCamera8_Run_414.mp4,0414,.mp4,video_file
Training Data 4.zip,Run_414/VisualCamera7_Run_414.mp4,0414,.mp4,video_file
Training Data 4.zip,Run_414/ThermalCamera2_Run_414.mp4,0414,.mp4,video_file
Training Data 4.zip,Run_414/VisualCamera4_Run_414_frame-timing.csv,0414,.csv,visual_camera_timing
Training Data 4.zip,Run_414/VisualCamera6_Run_414_frame-timing.csv,0414,.csv,visual_camera_timing
Training Data 4.zip,Run_414/VisualCamera7_Run_414_frame-timing.csv,0414,.csv,visual_camera_timing
Training Data 4.zip,Run_463/Lidar2_Run_463.pcap,0463,.pcap,pcap_file
Training Data 4.zip,Run_463/Lidar1_Run_463.pcap,0463,.pcap,pcap_file
Training Data 4.zip,Run_463/VisualCamera1_Run_463.mp4,0463,.mp4,video_file
Training Data 4.zip,Run_463/ThermalCamera5_Run_463.mp4,0463,.mp4,video_file
Training Data 4.zip,Run_463/Radars_Run_463_sensor4.json,0463,.json,radar_sensor_json
Training Data 4.zip,Run_463/V2XHubSPaT_Run_463.pcap,0463,.pcap,pcap_file
Training Data 4.zip,Run_463/VisualCamera3_Run_463.mp4,0463,.mp4,video_file
Training Data 4.zip,Run_463/VisualCamera5_Run_463.mp4,0463,.mp4,video_file
Training Data 4.zip,Run_463/ThermalCamera1_Run_463.mp4,0463,.mp4,video_file
Training Data 4.zip,Run_463/Radars_Run_463_sensor1.json,0463,.json,radar_sensor_json
Training Data 4.zip,Run_463/ISC_Run_463_ISC_all_timing.csv,0463,.csv,isc_timing_csv
Training Data 4.zip,Run_463/VisualCamera8_Run_463.mp4,0463,.mp4,video_file
Training Data 4.zip,Run_463/VisualCamera7_Run_463.mp4,0463,.mp4,video_file
Training Data 4.zip,Run_463/ThermalCamera3_Run_463.mp4,0463,.mp4,video_file
Training Data 4.zip,Run_463/ISC_Run_463_v2xhub_timing.csv,0463,.csv,v2xhub_timing_csv
Training Data 4.zip,Run_463/V2XHubSensor_Run_463.csv,0463,.csv,v2xhub_csv
Training Data 4.zip,Run_463/Radars_Run_463_traffic-triggers-output.json,0463,.json,traffic_trigger_json
Training Data 4.zip,Run_463/Radars_Run_463_sensor3.json,0463,.json,radar_sensor_json
Training Data 4.zip,Run_463/VisualCamera4_Run_463.mp4,0463,.mp4,video_file
Training Data 4.zip,Run_463/VisualCamera8_Run_463_frame-timing.csv,0463,.csv,visual_camera_timing
Training Data 4.zip,Run_463/ThermalCamera2_Run_463.mp4,0463,.mp4,video_file
Training Data 4.zip,Run_463/VisualCamera6_Run_463.mp4,0463,.mp4,video_file
Training Data 4.zip,Run_463/ThermalCamera4_Run_463.mp4,0463,.mp4,video_file
Training Data 4.zip,Run_463/ThermalCamera1_Run_463_frame-timing.csv,0463,.csv,thermal_camera_timing
Training Data 4.zip,Run_463/VisualCamera3_Run_463_frame-timing.csv,0463,.csv,visual_camera_timing
Training Data 4.zip,Run_463/VisualCamera2_Run_463_frame-timing.csv,0463,.csv,visual_camera_timing
Training Data 4.zip,Run_463/ThermalCamera2_Run_463_frame-timing.csv,0463,.csv,thermal_camera_timing
Training Data 4.zip,Run_463/ThermalCamera3_Run_463_frame-timing.csv,0463,.csv,thermal_camera_timing
Training Data 4.zip,Run_463/VisualCamera1_Run_463_frame-timing.csv,0463,.csv,visual_camera_timing
Training Data 4.zip,Run_463/VisualCamera4_Run_463_frame-timing.csv,0463,.csv,visual_camera_timing
Training Data 4.zip,Run_463/VisualCamera5_Run_463_frame-timing.csv,0463,.csv,visual_camera_timing
Training Data 4.zip,Run_463/VisualCamera2_Run_463.mp4,0463,.mp4,video_file
Training Data 4.zip,Run_463/ThermalCamera5_Run_463_frame-timing.csv,0463,.csv,thermal_camera_timing
Training Data 4.zip,Run_463/Radars_Run_463_sensor2.json,0463,.json,radar_sensor_json
Training Data 4.zip,Run_463/VisualCamera7_Run_463_frame-timing.csv,0463,.csv,visual_camera_timing
Training Data 4.zip,Run_463/VisualCamera6_Run_463_frame-timing.csv,0463,.csv,visual_camera_timing
Training Data 4.zip,Run_463/ThermalCamera4_Run_463_frame-timing.csv,0463,.csv,thermal_camera_timing
Training Data 4.zip,Run_1107/ISC_Run_1107_ISC_all_timing.csv,1107,.csv,isc_timing_csv
Training Data 4.zip,Run_1107/VisualCamera1_Run_1107_frame-timing.csv,1107,.csv,visual_camera_timing
Training Data 4.zip,Run_1107/ThermalCamera3_Run_1107_frame-timing.csv,1107,.csv,thermal_camera_timing
Training Data 4.zip,Run_1107/VisualCamera2_Run_1107_frame-timing.csv,1107,.csv,visual_camera_timing
Training Data 4.zip,Run_1107/VisualCamera7_Run_1107_frame-timing.csv,1107,.csv,visual_camera_timing
Training Data 4.zip,Run_1107/VisualCamera8_Run_1107.mp4,1107,.mp4,video_file
Training Data 4.zip,Run_1107/ISC_Run_1107_v2xhub_timing.csv,1107,.csv,v2xhub_timing_csv
Training Data 4.zip,Run_1107/VisualCamera4_Run_1107_frame-timing.csv,1107,.csv,visual_camera_timing
Training Data 4.zip,Run_1107/Lidar1_Run_1107.pcap,1107,.pcap,pcap_file
Training Data 4.zip,Run_1107/ThermalCamera5_Run_1107_frame-timing.csv,1107,.csv,thermal_camera_timing
Training Data 4.zip,Run_1107/VisualCamera1_Run_1107.mp4,1107,.mp4,video_file
Training Data 4.zip,Run_1107/ThermalCamera1_Run_1107.mp4,1107,.mp4,video_file
Training Data 4.zip,Run_1107/ThermalCamera3_Run_1107.mp4,1107,.mp4,video_file
Training Data 4.zip,Run_1107/VisualCamera2_Run_1107.mp4,1107,.mp4,video_file
Training Data 4.zip,Run_1107/ThermalCamera2_Run_1107.mp4,1107,.mp4,video_file
Training Data 4.zip,Run_1107/VisualCamera3_Run_1107.mp4,1107,.mp4,video_file
Training Data 4.zip,Run_1107/VisualCamera6_Run_1107.mp4,1107,.mp4,video_file
Training Data 4.zip,Run_1107/VisualCamera8_Run_1107_frame-timing.csv,1107,.csv,visual_camera_timing
Training Data 4.zip,Run_1107/VisualCamera7_Run_1107.mp4,1107,.mp4,video_file
Training Data 4.zip,Run_1107/ThermalCamera4_Run_1107.mp4,1107,.mp4,video_file
Training Data 4.zip,Run_1107/VisualCamera5_Run_1107.mp4,1107,.mp4,video_file
Training Data 4.zip,Run_1107/ThermalCamera5_Run_1107.mp4,1107,.mp4,video_file
Training Data 4.zip,Run_1107/VisualCamera4_Run_1107.mp4,1107,.mp4,video_file
Training Data 4.zip,Run_1107/ThermalCamera1_Run_1107_frame-timing.csv,1107,.csv,thermal_camera_timing
Training Data 4.zip,Run_1107/ThermalCamera2_Run_1107_frame-timing.csv,1107,.csv,thermal_camera_timing
Training Data 4.zip,Run_1107/VisualCamera3_Run_1107_frame-timing.csv,1107,.csv,visual_camera_timing
Training Data 4.zip,Run_1107/VisualCamera6_Run_1107_frame-timing.csv,1107,.csv,visual_camera_timing
Training Data 4.zip,Run_1107/VisualCamera5_Run_1107_frame-timing.csv,1107,.csv,visual_camera_timing
Training Data 4.zip,Run_1107/Lidar2_Run_1107.pcap,1107,.pcap,pcap_file
Training Data 4.zip,Run_1107/ThermalCamera4_Run_1107_frame-timing.csv,1107,.csv,thermal_camera_timing
Training Data 4.zip,Run_1107/V2XHubSensor_Run_1107.csv,1107,.csv,v2xhub_csv
Training Data 4.zip,Run_1107/V2XHubSPaT_Run_1107.pcap,1107,.pcap,pcap_file
Training Data 4.zip,Run_182/Lidar1_Run_182.pcap,0182,.pcap,pcap_file
Training Data 4.zip,Run_182/VisualCamera5_Run_182.mp4,0182,.mp4,video_file
Training Data 4.zip,Run_182/Lidar2_Run_182.pcap,0182,.pcap,pcap_file
Training Data 4.zip,Run_182/ThermalCamera5_Run_182.mp4,0182,.mp4,video_file
Training Data 4.zip,Run_182/ThermalCamera4_Run_182_frame-timing.csv,0182,.csv,thermal_camera_timing
Training Data 4.zip,Run_182/ThermalCamera5_Run_182_frame-timing.csv,0182,.csv,thermal_camera_timing
Training Data 4.zip,Run_182/ThermalCamera1_Run_182_frame-timing.csv,0182,.csv,thermal_camera_timing
Training Data 4.zip,Run_182/VisualCamera7_Run_182.mp4,0182,.mp4,video_file
Training Data 4.zip,Run_182/VisualCamera8_Run_182.mp4,0182,.mp4,video_file
Training Data 4.zip,Run_182/ThermalCamera3_Run_182_frame-timing.csv,0182,.csv,thermal_camera_timing
Training Data 4.zip,Run_182/ThermalCamera2_Run_182_frame-timing.csv,0182,.csv,thermal_camera_timing
Training Data 4.zip,Run_182/ThermalCamera1_Run_182.mp4,0182,.mp4,video_file
Training Data 4.zip,Run_182/VisualCamera1_Run_182.mp4,0182,.mp4,video_file
Training Data 4.zip,Run_182/ThermalCamera3_Run_182.mp4,0182,.mp4,video_file
Training Data 4.zip,Run_182/VisualCamera3_Run_182.mp4,0182,.mp4,video_file
Training Data 4.zip,Run_182/VisualCamera8_Run_182_frame-timing.csv,0182,.csv,visual_camera_timing
Training Data 4.zip,Run_182/VisualCamera2_Run_182.mp4,0182,.mp4,video_file
Training Data 4.zip,Run_182/ThermalCamera2_Run_182.mp4,0182,.mp4,video_file
Training Data 4.zip,Run_182/ThermalCamera4_Run_182.mp4,0182,.mp4,video_file
Training Data 4.zip,Run_182/VisualCamera1_Run_182_frame-timing.csv,0182,.csv,visual_camera_timing
Training Data 4.zip,Run_182/VisualCamera3_Run_182_frame-timing.csv,0182,.csv,visual_camera_timing
Training Data 4.zip,Run_182/VisualCamera4_Run_182.mp4,0182,.mp4,video_file
Training Data 4.zip,Run_182/VisualCamera2_Run_182_frame-timing.csv,0182,.csv,visual_camera_timing
Training Data 4.zip,Run_182/VisualCamera7_Run_182_frame-timing.csv,0182,.csv,visual_camera_timing
Training Data 4.zip,Run_182/VisualCamera6_Run_182_frame-timing.csv,0182,.csv,visual_camera_timing
Training Data 4.zip,Run_182/VisualCamera4_Run_182_frame-timing.csv,0182,.csv,visual_camera_timing
Training Data 4.zip,Run_182/VisualCamera6_Run_182.mp4,0182,.mp4,video_file
Training Data 4.zip,Run_182/ISC_Run_182_ISC_all_timing.csv,0182,.csv,isc_timing_csv
Training Data 4.zip,Run_182/VisualCamera5_Run_182_frame-timing.csv,0182,.csv,visual_camera_timing
Training Data 4.zip,Run_451/ThermalCamera4_Run_451.mp4,0451,.mp4,video_file
Training Data 4.zip,Run_451/VisualCamera5_Run_451.mp4,0451,.mp4,video_file
Training Data 4.zip,Run_451/VisualCamera7_Run_451.mp4,0451,.mp4,video_file
Training Data 4.zip,Run_451/VisualCamera8_Run_451.mp4,0451,.mp4,video_file
Training Data 4.zip,Run_451/Radars_Run_451_sensor1.json,0451,.json,radar_sensor_json
Training Data 4.zip,Run_451/Radars_Run_451_sensor4.json,0451,.json,radar_sensor_json
Training Data 4.zip,Run_451/VisualCamera1_Run_451.mp4,0451,.mp4,video_file
Training Data 4.zip,Run_451/Lidar1_Run_451.pcap,0451,.pcap,pcap_file
Training Data 4.zip,Run_451/ISC_Run_451_v2xhub_timing.csv,0451,.csv,v2xhub_timing_csv
Training Data 4.zip,Run_451/Lidar2_Run_451.pcap,0451,.pcap,pcap_file
Training Data 4.zip,Run_451/VisualCamera3_Run_451.mp4,0451,.mp4,video_file
Training Data 4.zip,Run_451/ThermalCamera2_Run_451.mp4,0451,.mp4,video_file
Training Data 4.zip,Run_451/Radars_Run_451_traffic-triggers-output.json,0451,.json,traffic_trigger_json
Training Data 4.zip,Run_451/VisualCamera7_Run_451_frame-timing.csv,0451,.csv,visual_camera_timing
Training Data 4.zip,Run_451/Radars_Run_451_sensor2.json,0451,.json,radar_sensor_json
Training Data 4.zip,Run_451/VisualCamera6_Run_451_frame-timing.csv,0451,.csv,visual_camera_timing
Training Data 4.zip,Run_451/ThermalCamera1_Run_451.mp4,0451,.mp4,video_file
Training Data 4.zip,Run_451/VisualCamera4_Run_451_frame-timing.csv,0451,.csv,visual_camera_timing
Training Data 4.zip,Run_451/ThermalCamera5_Run_451_frame-timing.csv,0451,.csv,thermal_camera_timing
Training Data 4.zip,Run_451/VisualCamera5_Run_451_frame-timing.csv,0451,.csv,visual_camera_timing
Training Data 4.zip,Run_451/ThermalCamera4_Run_451_frame-timing.csv,0451,.csv,thermal_camera_timing
Training Data 4.zip,Run_451/ThermalCamera1_Run_451_frame-timing.csv,0451,.csv,thermal_camera_timing
Training Data 4.zip,Run_451/ThermalCamera3_Run_451.mp4,0451,.mp4,video_file
Training Data 4.zip,Run_451/ISC_Run_451_ISC_all_timing.csv,0451,.csv,isc_timing_csv
Training Data 4.zip,Run_451/V2XHubSensor_Run_451.csv,0451,.csv,v2xhub_csv
Training Data 4.zip,Run_451/VisualCamera1_Run_451_frame-timing.csv,0451,.csv,visual_camera_timing
Training Data 4.zip,Run_451/VisualCamera2_Run_451.mp4,0451,.mp4,video_file
Training Data 4.zip,Run_451/VisualCamera3_Run_451_frame-timing.csv,0451,.csv,visual_camera_timing
Training Data 4.zip,Run_451/ThermalCamera2_Run_451_frame-timing.csv,0451,.csv,thermal_camera_timing
Training Data 4.zip,Run_451/VisualCamera2_Run_451_frame-timing.csv,0451,.csv,visual_camera_timing
Training Data 4.zip,Run_451/ThermalCamera3_Run_451_frame-timing.csv,0451,.csv,thermal_camera_timing
Training Data 4.zip,Run_451/VisualCamera8_Run_451_frame-timing.csv,0451,.csv,visual_camera_timing
Training Data 4.zip,Run_451/V2XHubSPaT_Run_451.pcap,0451,.pcap,pcap_file
Training Data 4.zip,Run_451/VisualCamera4_Run_451.mp4,0451,.mp4,video_file
Training Data 4.zip,Run_451/ThermalCamera5_Run_451.mp4,0451,.mp4,video_file
Training Data 4.zip,Run_451/Radars_Run_451_sensor3.json,0451,.json,radar_sensor_json
Training Data 4.zip,Run_451/VisualCamera6_Run_451.mp4,0451,.mp4,video_file
Training Data 4.zip,Run_906/Radars_Run_906_sensor4.json,0906,.json,radar_sensor_json
Training Data 4.zip,Run_906/VisualCamera5_Run_906.mp4,0906,.mp4,video_file
Training Data 4.zip,Run_906/ThermalCamera2_Run_906.mp4,0906,.mp4,video_file
Training Data 4.zip,Run_906/Lidar1_Run_906.pcap,0906,.pcap,pcap_file
Training Data 4.zip,Run_906/VisualCamera7_Run_906.mp4,0906,.mp4,video_file
Training Data 4.zip,Run_906/VisualCamera8_Run_906.mp4,0906,.mp4,video_file
Training Data 4.zip,Run_906/Lidar2_Run_906.pcap,0906,.pcap,pcap_file
Training Data 4.zip,Run_906/V2XHubSPaT_Run_906.pcap,0906,.pcap,pcap_file
Training Data 4.zip,Run_906/VisualCamera1_Run_906.mp4,0906,.mp4,video_file
Training Data 4.zip,Run_906/Radars_Run_906_traffic-triggers-output.json,0906,.json,traffic_trigger_json
Training Data 4.zip,Run_906/ThermalCamera4_Run_906.mp4,0906,.mp4,video_file
Training Data 4.zip,Run_906/Radars_Run_906_sensor1.json,0906,.json,radar_sensor_json
Training Data 4.zip,Run_906/VisualCamera3_Run_906.mp4,0906,.mp4,video_file
Training Data 4.zip,Run_906/ISC_Run_906_ISC_all_timing.csv,0906,.csv,isc_timing_csv
Training Data 4.zip,Run_906/VisualCamera2_Run_906.mp4,0906,.mp4,video_file
Training Data 4.zip,Run_906/ThermalCamera5_Run_906.mp4,0906,.mp4,video_file
Training Data 4.zip,Run_906/Radars_Run_906_sensor3.json,0906,.json,radar_sensor_json
Training Data 4.zip,Run_906/VisualCamera8_Run_906_frame-timing.csv,0906,.csv,visual_camera_timing
Training Data 4.zip,Run_906/VisualCamera2_Run_906_frame-timing.csv,0906,.csv,visual_camera_timing
Training Data 4.zip,Run_906/ISC_Run_906_v2xhub_timing.csv,0906,.csv,v2xhub_timing_csv
Training Data 4.zip,Run_906/ThermalCamera1_Run_906_frame-timing.csv,0906,.csv,thermal_camera_timing
Training Data 4.zip,Run_906/VisualCamera3_Run_906_frame-timing.csv,0906,.csv,visual_camera_timing
Training Data 4.zip,Run_906/ThermalCamera3_Run_906.mp4,0906,.mp4,video_file
Training Data 4.zip,Run_906/ThermalCamera3_Run_906_frame-timing.csv,0906,.csv,thermal_camera_timing
Training Data 4.zip,Run_906/VisualCamera1_Run_906_frame-timing.csv,0906,.csv,visual_camera_timing
Training Data 4.zip,Run_906/Radars_Run_906_sensor2.json,0906,.json,radar_sensor_json
Training Data 4.zip,Run_906/VisualCamera4_Run_906.mp4,0906,.mp4,video_file
Training Data 4.zip,Run_906/V2XHubSensor_Run_906.csv,0906,.csv,v2xhub_csv
Training Data 4.zip,Run_906/ThermalCamera2_Run_906_frame-timing.csv,0906,.csv,thermal_camera_timing
Training Data 4.zip,Run_906/ThermalCamera1_Run_906.mp4,0906,.mp4,video_file
Training Data 4.zip,Run_906/VisualCamera5_Run_906_frame-timing.csv,0906,.csv,visual_camera_timing
Training Data 4.zip,Run_906/VisualCamera4_Run_906_frame-timing.csv,0906,.csv,visual_camera_timing
Training Data 4.zip,Run_906/VisualCamera6_Run_906.mp4,0906,.mp4,video_file
